timestamp_utc,open,close,min,max,volume
2026-05-26T06:45:00+00:00,1.623425,1.623515,1.623375,1.623515,343
2026-05-26T06:46:00+00:00,1.623505,1.62348,1.623475,1.62358,248
2026-05-26T06:47:00+00:00,1.62348,1.62355,1.62347,1.623555,162
2026-05-26T06:48:00+00:00,1.623555,1.623505,1.62348,1.623595,237
2026-05-26T06:49:00+00:00,1.6235,1.62372,1.623495,1.623725,197
2026-05-26T06:50:00+00:00,1.623745,1.6236,1.623555,1.623745,241
2026-05-26T06:51:00+00:00,1.623595,1.623475,1.623465,1.623605,245
2026-05-26T06:52:00+00:00,1.62348,1.623485,1.62335,1.623505,236
2026-05-26T06:53:00+00:00,1.62349,1.62348,1.62346,1.623525,174
2026-05-26T06:54:00+00:00,1.62349,1.623625,1.623385,1.623655,349
2026-05-26T06:55:00+00:00,1.62363,1.623725,1.62357,1.623735,395
2026-05-26T06:56:00+00:00,1.62373,1.623365,1.62336,1.62375,425
2026-05-26T06:57:00+00:00,1.623355,1.623315,1.62324,1.62341,363
2026-05-26T06:58:00+00:00,1.62331,1.623575,1.62328,1.62358,308
2026-05-26T06:59:00+00:00,1.62358,1.62383,1.62358,1.62387,453
2026-05-26T07:00:00+00:00,1.623825,1.62401,1.623675,1.62407,470
2026-05-26T07:01:00+00:00,1.624005,1.624065,1.623965,1.624105,301
2026-05-26T07:02:00+00:00,1.62407,1.623995,1.6239,1.6241,455
2026-05-26T07:03:00+00:00,1.623985,1.624465,1.62398,1.62447,547
2026-05-26T07:04:00+00:00,1.62446,1.624465,1.624255,1.6247,781
2026-05-26T07:05:00+00:00,1.624475,1.62444,1.624325,1.62451,893
2026-05-26T07:06:00+00:00,1.624435,1.623855,1.623825,1.62454,853
2026-05-26T07:07:00+00:00,1.62385,1.623645,1.623525,1.6239,566
2026-05-26T07:08:00+00:00,1.623655,1.6241,1.623565,1.624185,500
2026-05-26T07:09:00+00:00,1.624095,1.624345,1.624095,1.62439,530
2026-05-26T07:10:00+00:00,1.62435,1.623975,1.62397,1.6244,440
2026-05-26T07:11:00+00:00,1.623985,1.623875,1.623835,1.62407,355
2026-05-26T07:12:00+00:00,1.62387,1.623765,1.623635,1.623905,396
2026-05-26T07:13:00+00:00,1.623765,1.62373,1.623695,1.6239,433
2026-05-26T07:14:00+00:00,1.623735,1.623595,1.623565,1.623755,447
2026-05-26T07:15:00+00:00,1.6236,1.62386,1.623585,1.623865,442
2026-05-26T07:16:00+00:00,1.62387,1.623895,1.623765,1.623975,276
2026-05-26T07:17:00+00:00,1.62388,1.62401,1.623875,1.624015,310
2026-05-26T07:18:00+00:00,1.624005,1.62403,1.623975,1.624125,363
2026-05-26T07:19:00+00:00,1.624035,1.62418,1.624,1.624255,340
2026-05-26T07:20:00+00:00,1.62417,1.62417,1.624095,1.624215,312
2026-05-26T07:21:00+00:00,1.624175,1.62429,1.62411,1.624315,256
2026-05-26T07:22:00+00:00,1.6243,1.62419,1.624175,1.624415,290
2026-05-26T07:23:00+00:00,1.624185,1.624255,1.62409,1.624255,221
2026-05-26T07:24:00+00:00,1.62426,1.6244,1.624225,1.62444,284
2026-05-26T07:25:00+00:00,1.624395,1.624575,1.624395,1.624735,335
2026-05-26T07:26:00+00:00,1.62457,1.6245,1.624395,1.624655,261
2026-05-26T07:27:00+00:00,1.624505,1.62471,1.624445,1.62473,271
2026-05-26T07:28:00+00:00,1.624705,1.624775,1.62468,1.624775,304
2026-05-26T07:29:00+00:00,1.624775,1.624905,1.624775,1.625015,292
2026-05-26T07:30:00+00:00,1.624895,1.625205,1.624855,1.625215,449
2026-05-26T07:31:00+00:00,1.625195,1.624715,1.624685,1.62525,676
2026-05-26T07:32:00+00:00,1.62472,1.625255,1.624535,1.625255,1109
2026-05-26T07:33:00+00:00,1.625245,1.625185,1.62512,1.625565,838
2026-05-26T07:34:00+00:00,1.62518,1.625235,1.625175,1.62537,470
2026-05-26T07:35:00+00:00,1.62524,1.62515,1.62514,1.625385,557
2026-05-26T07:36:00+00:00,1.625145,1.625045,1.625035,1.62521,467
2026-05-26T07:37:00+00:00,1.625055,1.625075,1.624995,1.625215,405
2026-05-26T07:38:00+00:00,1.625085,1.625265,1.62501,1.625275,400
2026-05-26T07:39:00+00:00,1.625255,1.62521,1.625135,1.625325,367
2026-05-26T07:40:00+00:00,1.625205,1.62514,1.625125,1.625305,378
2026-05-26T07:41:00+00:00,1.625135,1.62527,1.625125,1.62539,415
2026-05-26T07:42:00+00:00,1.625265,1.625215,1.62518,1.625275,348
2026-05-26T07:43:00+00:00,1.625205,1.62519,1.625075,1.625225,403
2026-05-26T07:44:00+00:00,1.625185,1.625165,1.625145,1.625265,349
2026-05-26T07:45:00+00:00,1.62517,1.625235,1.625125,1.62527,370
2026-05-26T07:46:00+00:00,1.625245,1.62516,1.625155,1.625345,349
2026-05-26T07:47:00+00:00,1.625165,1.62514,1.625075,1.625195,329
2026-05-26T07:48:00+00:00,1.625135,1.624865,1.624805,1.62514,285
2026-05-26T07:49:00+00:00,1.62485,1.62472,1.624705,1.624955,398
2026-05-26T07:50:00+00:00,1.624715,1.62477,1.624685,1.62487,378
2026-05-26T07:51:00+00:00,1.624765,1.624875,1.62468,1.62489,443
2026-05-26T07:52:00+00:00,1.62487,1.62497,1.624855,1.624985,306
2026-05-26T07:53:00+00:00,1.624965,1.624985,1.62495,1.62512,392
2026-05-26T07:54:00+00:00,1.624975,1.625035,1.624965,1.62507,323
2026-05-26T07:55:00+00:00,1.62504,1.625155,1.624985,1.62517,463
2026-05-26T07:56:00+00:00,1.62516,1.625125,1.625115,1.625195,281
2026-05-26T07:57:00+00:00,1.62512,1.624715,1.624685,1.625125,326
2026-05-26T07:58:00+00:00,1.62471,1.62459,1.62457,1.624745,387
2026-05-26T07:59:00+00:00,1.62458,1.624455,1.6244,1.624595,360
2026-05-26T08:00:00+00:00,1.62444,1.624925,1.624305,1.624975,906
2026-05-26T08:01:00+00:00,1.62493,1.62481,1.62476,1.624995,568
2026-05-26T08:02:00+00:00,1.624815,1.6248,1.62461,1.62482,371
2026-05-26T08:03:00+00:00,1.624795,1.62464,1.62461,1.624865,512
2026-05-26T08:04:00+00:00,1.624625,1.624525,1.624495,1.62465,403
2026-05-26T08:05:00+00:00,1.62453,1.6243,1.624295,1.62453,416
2026-05-26T08:06:00+00:00,1.624295,1.624405,1.624295,1.62443,361
2026-05-26T08:07:00+00:00,1.624415,1.62441,1.624285,1.62444,282
2026-05-26T08:08:00+00:00,1.624405,1.62442,1.62437,1.624505,270
2026-05-26T08:09:00+00:00,1.624415,1.624415,1.624275,1.62442,317
2026-05-26T08:10:00+00:00,1.62443,1.62429,1.624265,1.62449,451
2026-05-26T08:11:00+00:00,1.624295,1.62434,1.62422,1.62437,379
2026-05-26T08:12:00+00:00,1.624345,1.624495,1.624295,1.624575,415
2026-05-26T08:13:00+00:00,1.6245,1.62463,1.624465,1.624635,366
2026-05-26T08:14:00+00:00,1.624625,1.62456,1.62452,1.62466,345
2026-05-26T08:15:00+00:00,1.624565,1.624545,1.624535,1.62463,283
2026-05-26T08:16:00+00:00,1.62454,1.62465,1.624525,1.624655,250
2026-05-26T08:17:00+00:00,1.62465,1.624515,1.62451,1.624655,285
2026-05-26T08:18:00+00:00,1.62452,1.62457,1.62445,1.62458,274
2026-05-26T08:19:00+00:00,1.624575,1.62452,1.62448,1.624635,423
2026-05-26T08:20:00+00:00,1.624525,1.624625,1.624495,1.624645,271
2026-05-26T08:21:00+00:00,1.62462,1.624455,1.6244,1.6247,368
2026-05-26T08:22:00+00:00,1.624455,1.62438,1.62433,1.624485,263
2026-05-26T08:23:00+00:00,1.624375,1.624345,1.62428,1.624405,232
2026-05-26T08:24:00+00:00,1.624335,1.624175,1.624165,1.62434,288
2026-05-26T08:25:00+00:00,1.62417,1.62427,1.62417,1.62431,250
2026-05-26T08:26:00+00:00,1.62428,1.624355,1.624265,1.624435,303
2026-05-26T08:27:00+00:00,1.62436,1.624405,1.62435,1.624575,411
2026-05-26T08:28:00+00:00,1.6244,1.624375,1.624265,1.62441,345
2026-05-26T08:29:00+00:00,1.62438,1.6243,1.624265,1.62452,569
2026-05-26T08:30:00+00:00,1.624295,1.624375,1.62424,1.624375,445
2026-05-26T08:31:00+00:00,1.624385,1.62442,1.624315,1.624475,349
2026-05-26T08:32:00+00:00,1.624425,1.62457,1.62434,1.624585,313
2026-05-26T08:33:00+00:00,1.62456,1.62452,1.624445,1.624565,392
2026-05-26T08:34:00+00:00,1.624515,1.624435,1.6244,1.624625,454
2026-05-26T08:35:00+00:00,1.62443,1.624615,1.624395,1.624625,451
2026-05-26T08:36:00+00:00,1.62462,1.624535,1.62448,1.624655,445
2026-05-26T08:37:00+00:00,1.62453,1.624315,1.624305,1.62457,374
2026-05-26T08:38:00+00:00,1.62432,1.624385,1.624265,1.624405,291
2026-05-26T08:39:00+00:00,1.62439,1.62439,1.62428,1.62442,281
2026-05-26T08:40:00+00:00,1.624385,1.62429,1.624285,1.62448,338
2026-05-26T08:41:00+00:00,1.624285,1.62421,1.62414,1.624285,238
2026-05-26T08:42:00+00:00,1.624205,1.624235,1.624155,1.62431,321
2026-05-26T08:43:00+00:00,1.624225,1.62442,1.62419,1.62442,289
2026-05-26T08:44:00+00:00,1.624415,1.624385,1.624275,1.62445,318
2026-05-26T08:45:00+00:00,1.62438,1.62445,1.62434,1.624545,316
2026-05-26T08:46:00+00:00,1.624445,1.62439,1.62436,1.624465,325
2026-05-26T08:47:00+00:00,1.624395,1.624405,1.624345,1.624475,217
2026-05-26T08:48:00+00:00,1.62442,1.624475,1.62441,1.624535,309
2026-05-26T08:49:00+00:00,1.62447,1.62458,1.624465,1.62459,237
2026-05-26T08:50:00+00:00,1.624605,1.62478,1.624605,1.624925,269
2026-05-26T08:51:00+00:00,1.624775,1.624845,1.624705,1.624885,286
2026-05-26T08:52:00+00:00,1.624835,1.624925,1.62479,1.624935,321
2026-05-26T08:53:00+00:00,1.62492,1.624855,1.624835,1.624985,287
2026-05-26T08:54:00+00:00,1.62485,1.624685,1.62466,1.62488,230
2026-05-26T08:55:00+00:00,1.624695,1.624615,1.624605,1.624695,270
2026-05-26T08:56:00+00:00,1.62462,1.62463,1.624585,1.62465,261
2026-05-26T08:57:00+00:00,1.62464,1.62463,1.624515,1.62466,327
2026-05-26T08:58:00+00:00,1.624625,1.62448,1.624455,1.62467,272
2026-05-26T08:59:00+00:00,1.624475,1.624355,1.624345,1.624505,489
2026-05-26T09:00:00+00:00,1.62435,1.624275,1.624195,1.62441,524
2026-05-26T09:01:00+00:00,1.62428,1.624275,1.62418,1.624405,368
2026-05-26T09:02:00+00:00,1.62428,1.62441,1.62425,1.624445,277
2026-05-26T09:03:00+00:00,1.62442,1.6247,1.624415,1.6247,292
2026-05-26T09:04:00+00:00,1.624695,1.624555,1.624525,1.62472,367
2026-05-26T09:05:00+00:00,1.62455,1.624595,1.624495,1.62467,392
2026-05-26T09:06:00+00:00,1.6246,1.62487,1.624525,1.62488,405
2026-05-26T09:07:00+00:00,1.62488,1.625225,1.624825,1.62527,405
2026-05-26T09:08:00+00:00,1.62523,1.625235,1.62515,1.62528,417
2026-05-26T09:09:00+00:00,1.62524,1.625275,1.6252,1.62538,251
2026-05-26T09:10:00+00:00,1.625285,1.62533,1.62526,1.62537,202
2026-05-26T09:11:00+00:00,1.62532,1.625065,1.625065,1.62539,203
2026-05-26T09:12:00+00:00,1.62508,1.62502,1.62498,1.62515,365
2026-05-26T09:13:00+00:00,1.62502,1.62513,1.62501,1.625145,237
2026-05-26T09:14:00+00:00,1.625125,1.62515,1.62511,1.6252,242
2026-05-26T09:15:00+00:00,1.62514,1.6252,1.62513,1.625225,228
2026-05-26T09:16:00+00:00,1.625195,1.625125,1.625055,1.625215,257
2026-05-26T09:17:00+00:00,1.625135,1.625115,1.62501,1.625235,705
2026-05-26T09:18:00+00:00,1.62512,1.624945,1.624835,1.62515,406
2026-05-26T09:19:00+00:00,1.62495,1.62509,1.62492,1.62511,439
2026-05-26T09:20:00+00:00,1.625095,1.625015,1.625,1.625225,412
2026-05-26T09:21:00+00:00,1.62501,1.624925,1.62492,1.625065,374
2026-05-26T09:22:00+00:00,1.62492,1.62516,1.62489,1.625185,303
2026-05-26T09:23:00+00:00,1.62516,1.62524,1.625145,1.625285,416
2026-05-26T09:24:00+00:00,1.625235,1.62515,1.625085,1.625235,328
2026-05-26T09:25:00+00:00,1.62516,1.62525,1.62513,1.62526,341
2026-05-26T09:26:00+00:00,1.625245,1.62529,1.625185,1.625325,295
2026-05-26T09:27:00+00:00,1.6253,1.62515,1.625145,1.62531,356
2026-05-26T09:28:00+00:00,1.625145,1.625245,1.625135,1.62533,341
2026-05-26T09:29:00+00:00,1.625255,1.62508,1.62502,1.62527,344
2026-05-26T09:30:00+00:00,1.625085,1.624895,1.624855,1.625085,522
2026-05-26T09:31:00+00:00,1.6249,1.62496,1.62487,1.625035,282
2026-05-26T09:32:00+00:00,1.624965,1.625,1.624935,1.625095,415
2026-05-26T09:33:00+00:00,1.624995,1.6251,1.62494,1.62512,326
2026-05-26T09:34:00+00:00,1.625095,1.62497,1.62489,1.625145,291
2026-05-26T09:35:00+00:00,1.624965,1.625015,1.624935,1.625025,332
2026-05-26T09:36:00+00:00,1.62502,1.625125,1.625,1.625165,260
2026-05-26T09:37:00+00:00,1.625135,1.625025,1.62494,1.625145,209
2026-05-26T09:38:00+00:00,1.62503,1.62482,1.624815,1.625055,260
2026-05-26T09:39:00+00:00,1.624825,1.624895,1.624795,1.624895,153
2026-05-26T09:40:00+00:00,1.62489,1.62503,1.62483,1.62504,320
2026-05-26T09:41:00+00:00,1.62502,1.62499,1.62491,1.625065,268
2026-05-26T09:42:00+00:00,1.624985,1.62519,1.624965,1.6252,265
2026-05-26T09:43:00+00:00,1.625195,1.62526,1.625165,1.625325,200
2026-05-26T09:44:00+00:00,1.62527,1.625385,1.62527,1.625445,276
2026-05-26T09:45:00+00:00,1.625385,1.625295,1.625295,1.625425,213
2026-05-26T09:46:00+00:00,1.6253,1.62529,1.625265,1.62537,276
2026-05-26T09:47:00+00:00,1.625295,1.625175,1.625145,1.625295,155
2026-05-26T09:48:00+00:00,1.62517,1.62502,1.62502,1.625175,217
2026-05-26T09:49:00+00:00,1.625025,1.62497,1.6249,1.62504,212
2026-05-26T09:50:00+00:00,1.624965,1.62479,1.624755,1.625065,261
2026-05-26T09:51:00+00:00,1.624785,1.625,1.62476,1.62504,266
2026-05-26T09:52:00+00:00,1.625005,1.625175,1.624965,1.625235,236
2026-05-26T09:53:00+00:00,1.62517,1.625155,1.6251,1.62521,219
2026-05-26T09:54:00+00:00,1.62515,1.625395,1.62511,1.62541,267
2026-05-26T09:55:00+00:00,1.6254,1.62515,1.62512,1.625405,356
2026-05-26T09:56:00+00:00,1.62515,1.62509,1.625035,1.62515,263
2026-05-26T09:57:00+00:00,1.62509,1.62509,1.62498,1.62513,239
2026-05-26T09:58:00+00:00,1.625095,1.625125,1.62506,1.62518,225
2026-05-26T09:59:00+00:00,1.62512,1.62516,1.62508,1.625195,300
2026-05-26T10:00:00+00:00,1.625165,1.62529,1.62515,1.625325,429
2026-05-26T10:01:00+00:00,1.625295,1.625245,1.6252,1.625375,326
2026-05-26T10:02:00+00:00,1.625235,1.625315,1.625235,1.62538,329
2026-05-26T10:03:00+00:00,1.62532,1.62536,1.62525,1.625395,299
2026-05-26T10:04:00+00:00,1.62535,1.62546,1.62534,1.625465,208
2026-05-26T10:05:00+00:00,1.625465,1.62561,1.62546,1.62564,341
2026-05-26T10:06:00+00:00,1.625615,1.625505,1.62549,1.625625,293
2026-05-26T10:07:00+00:00,1.625505,1.62543,1.625425,1.625575,337
2026-05-26T10:08:00+00:00,1.625425,1.62541,1.625385,1.625445,298
2026-05-26T10:09:00+00:00,1.625405,1.62547,1.62538,1.62552,334
2026-05-26T10:10:00+00:00,1.625465,1.625355,1.62533,1.62548,310
2026-05-26T10:11:00+00:00,1.625365,1.62534,1.62534,1.62545,265
2026-05-26T10:12:00+00:00,1.62534,1.625335,1.62528,1.625385,273
2026-05-26T10:13:00+00:00,1.62533,1.625375,1.625285,1.625375,245
2026-05-26T10:14:00+00:00,1.625345,1.62536,1.625245,1.625405,327
2026-05-26T10:15:00+00:00,1.625355,1.625415,1.625285,1.62542,237
2026-05-26T10:16:00+00:00,1.625415,1.6254,1.625365,1.625475,215
2026-05-26T10:17:00+00:00,1.6254,1.62534,1.625325,1.625415,259
2026-05-26T10:18:00+00:00,1.625335,1.62538,1.625295,1.625385,196
2026-05-26T10:19:00+00:00,1.62537,1.62533,1.625325,1.625415,255
2026-05-26T10:20:00+00:00,1.625315,1.625135,1.62509,1.625315,287
2026-05-26T10:21:00+00:00,1.625125,1.624995,1.624965,1.625135,209
2026-05-26T10:22:00+00:00,1.625,1.62521,1.624975,1.62522,358
2026-05-26T10:23:00+00:00,1.62521,1.62526,1.625095,1.62526,230
2026-05-26T10:24:00+00:00,1.625265,1.625185,1.625125,1.625275,270
2026-05-26T10:25:00+00:00,1.62519,1.62508,1.62503,1.62519,296
2026-05-26T10:26:00+00:00,1.625085,1.624945,1.62494,1.625125,167
2026-05-26T10:27:00+00:00,1.62495,1.624905,1.624845,1.624985,188
2026-05-26T10:28:00+00:00,1.62491,1.62491,1.62474,1.624975,615
2026-05-26T10:29:00+00:00,1.624915,1.625045,1.62491,1.62508,397
2026-05-26T10:30:00+00:00,1.625035,1.624675,1.624635,1.62505,901
2026-05-26T10:31:00+00:00,1.62468,1.62477,1.624655,1.624895,512
2026-05-26T10:32:00+00:00,1.624775,1.62478,1.62466,1.624805,469
2026-05-26T10:33:00+00:00,1.62477,1.624645,1.62464,1.624875,406
2026-05-26T10:34:00+00:00,1.624655,1.62457,1.62454,1.62468,447
2026-05-26T10:35:00+00:00,1.624575,1.62445,1.62435,1.624595,410
2026-05-26T10:36:00+00:00,1.624455,1.624705,1.624455,1.62472,361
2026-05-26T10:37:00+00:00,1.624715,1.62459,1.624515,1.62472,338
2026-05-26T10:38:00+00:00,1.62458,1.6247,1.624555,1.6247,300
2026-05-26T10:39:00+00:00,1.62469,1.62481,1.62469,1.624835,364
2026-05-26T10:40:00+00:00,1.62479,1.624895,1.624765,1.62492,382
2026-05-26T10:41:00+00:00,1.62489,1.62484,1.624795,1.6249,357
2026-05-26T10:42:00+00:00,1.62484,1.624715,1.6247,1.624845,296
2026-05-26T10:43:00+00:00,1.624715,1.624635,1.624585,1.624745,314
2026-05-26T10:44:00+00:00,1.62463,1.62448,1.62446,1.62466,272
2026-05-26T10:45:00+00:00,1.62449,1.624655,1.624465,1.624705,227
2026-05-26T10:46:00+00:00,1.62466,1.62475,1.624635,1.62476,229
2026-05-26T10:47:00+00:00,1.62475,1.624835,1.62465,1.624845,240
2026-05-26T10:48:00+00:00,1.62483,1.62472,1.62471,1.62483,191
2026-05-26T10:49:00+00:00,1.62473,1.624445,1.62444,1.62477,221
2026-05-26T10:50:00+00:00,1.62445,1.62432,1.62431,1.624455,205
2026-05-26T10:51:00+00:00,1.624325,1.624415,1.624325,1.62456,259
2026-05-26T10:52:00+00:00,1.624415,1.624355,1.62433,1.62451,344
2026-05-26T10:53:00+00:00,1.62435,1.624355,1.62429,1.6244,262
2026-05-26T10:54:00+00:00,1.624365,1.624435,1.6243,1.624445,217
2026-05-26T10:55:00+00:00,1.624425,1.624335,1.62429,1.624435,317
2026-05-26T10:56:00+00:00,1.624345,1.6245,1.624265,1.624505,223
2026-05-26T10:57:00+00:00,1.624495,1.62438,1.62435,1.6246,249
2026-05-26T10:58:00+00:00,1.624385,1.624385,1.62437,1.624435,211
2026-05-26T10:59:00+00:00,1.62439,1.624625,1.62434,1.624625,289
2026-05-26T11:00:00+00:00,1.62462,1.62455,1.62454,1.62468,339
2026-05-26T11:01:00+00:00,1.62455,1.62455,1.62449,1.6246,320
2026-05-26T11:02:00+00:00,1.624565,1.624715,1.624545,1.62475,241
2026-05-26T11:03:00+00:00,1.62472,1.624665,1.62462,1.6248,319
2026-05-26T11:04:00+00:00,1.624655,1.62459,1.62452,1.624685,191
2026-05-26T11:05:00+00:00,1.624595,1.624655,1.624545,1.624685,342
2026-05-26T11:06:00+00:00,1.62466,1.624675,1.624595,1.624675,157
2026-05-26T11:07:00+00:00,1.624685,1.624495,1.624485,1.62469,171
2026-05-26T11:08:00+00:00,1.62449,1.624625,1.62449,1.62467,193
2026-05-26T11:09:00+00:00,1.624625,1.624725,1.624605,1.62474,166
2026-05-26T11:10:00+00:00,1.62473,1.624595,1.624585,1.624765,179
2026-05-26T11:11:00+00:00,1.624605,1.62449,1.6244,1.624615,230
2026-05-26T11:12:00+00:00,1.624485,1.624405,1.62431,1.62452,241
2026-05-26T11:13:00+00:00,1.62441,1.62443,1.62435,1.62451,246
2026-05-26T11:14:00+00:00,1.624425,1.624435,1.62435,1.62444,154
2026-05-26T11:15:00+00:00,1.624425,1.624395,1.624295,1.624445,241
2026-05-26T11:16:00+00:00,1.624395,1.624335,1.624325,1.62441,191
2026-05-26T11:17:00+00:00,1.624325,1.62432,1.6243,1.62442,271
2026-05-26T11:18:00+00:00,1.624325,1.624375,1.62423,1.624395,307
2026-05-26T11:19:00+00:00,1.62438,1.624255,1.624245,1.624405,242
2026-05-26T11:20:00+00:00,1.62425,1.624215,1.624145,1.624305,315
2026-05-26T11:21:00+00:00,1.62421,1.62425,1.62419,1.62431,213
2026-05-26T11:22:00+00:00,1.624255,1.624135,1.624115,1.62428,228
2026-05-26T11:23:00+00:00,1.62414,1.624065,1.624055,1.62416,190
2026-05-26T11:24:00+00:00,1.62406,1.624055,1.624,1.624085,207
2026-05-26T11:25:00+00:00,1.62406,1.624135,1.624025,1.62414,194
2026-05-26T11:26:00+00:00,1.62413,1.624275,1.62411,1.62429,222
2026-05-26T11:27:00+00:00,1.624275,1.62428,1.62422,1.62434,279
2026-05-26T11:28:00+00:00,1.624275,1.62411,1.624095,1.62429,254
2026-05-26T11:29:00+00:00,1.624105,1.62407,1.624035,1.624115,284
2026-05-26T11:30:00+00:00,1.624065,1.624165,1.624055,1.62418,226
2026-05-26T11:31:00+00:00,1.62417,1.6242,1.624095,1.624205,223
2026-05-26T11:32:00+00:00,1.624205,1.623995,1.623955,1.624205,298
2026-05-26T11:33:00+00:00,1.62399,1.623975,1.623955,1.624055,230
2026-05-26T11:34:00+00:00,1.62398,1.624395,1.62396,1.62456,1110
2026-05-26T11:35:00+00:00,1.6244,1.624685,1.624305,1.62476,809
2026-05-26T11:36:00+00:00,1.62469,1.624715,1.62452,1.62481,950
2026-05-26T11:37:00+00:00,1.62472,1.62475,1.62464,1.62483,566
2026-05-26T11:38:00+00:00,1.624755,1.624625,1.624605,1.62477,436
2026-05-26T11:39:00+00:00,1.62463,1.624435,1.624355,1.62463,419
2026-05-26T11:40:00+00:00,1.62443,1.624475,1.624425,1.62458,471
2026-05-26T11:41:00+00:00,1.62447,1.624425,1.624335,1.62448,362
2026-05-26T11:42:00+00:00,1.624415,1.62451,1.6244,1.62457,456
2026-05-26T11:43:00+00:00,1.624505,1.624255,1.62422,1.624535,530
2026-05-26T11:44:00+00:00,1.62425,1.624305,1.624215,1.624305,261
2026-05-26T11:45:00+00:00,1.62431,1.62439,1.62427,1.62449,422
2026-05-26T11:46:00+00:00,1.624405,1.624285,1.62425,1.62443,283
2026-05-26T11:47:00+00:00,1.62429,1.624185,1.62416,1.624295,345
2026-05-26T11:48:00+00:00,1.62418,1.62408,1.624055,1.62421,415
2026-05-26T11:49:00+00:00,1.624085,1.624115,1.62404,1.624125,257
2026-05-26T11:50:00+00:00,1.6241,1.62391,1.623805,1.62413,276
2026-05-26T11:51:00+00:00,1.623915,1.624,1.62381,1.624005,243
2026-05-26T11:52:00+00:00,1.624005,1.623925,1.62391,1.624045,283
2026-05-26T11:53:00+00:00,1.62393,1.623835,1.623745,1.623945,244
2026-05-26T11:54:00+00:00,1.62384,1.62399,1.62383,1.624005,281
2026-05-26T11:55:00+00:00,1.623995,1.62413,1.62395,1.62414,262
2026-05-26T11:56:00+00:00,1.62412,1.62377,1.623765,1.624125,355
2026-05-26T11:57:00+00:00,1.623765,1.624035,1.623765,1.624045,264
2026-05-26T11:58:00+00:00,1.62404,1.623865,1.623815,1.62405,315
2026-05-26T11:59:00+00:00,1.62387,1.623975,1.62387,1.623985,387
2026-05-26T12:00:00+00:00,1.62398,1.62407,1.623875,1.62412,525
2026-05-26T12:01:00+00:00,1.62408,1.62405,1.624025,1.624145,349
2026-05-26T12:02:00+00:00,1.624045,1.624015,1.624,1.62411,272
2026-05-26T12:03:00+00:00,1.62402,1.624045,1.623965,1.624055,127
2026-05-26T12:04:00+00:00,1.624035,1.624045,1.62402,1.62412,252
2026-05-26T12:05:00+00:00,1.62403,1.623935,1.623805,1.62408,297
2026-05-26T12:06:00+00:00,1.623925,1.623765,1.623735,1.62394,321
2026-05-26T12:07:00+00:00,1.62377,1.62377,1.623725,1.62386,257
2026-05-26T12:08:00+00:00,1.623775,1.623935,1.623745,1.624055,642
2026-05-26T12:09:00+00:00,1.62393,1.623655,1.62357,1.62403,760
2026-05-26T12:10:00+00:00,1.623665,1.62381,1.62363,1.62386,415
2026-05-26T12:11:00+00:00,1.623815,1.623785,1.623715,1.62388,287
2026-05-26T12:12:00+00:00,1.62378,1.623645,1.6236,1.62379,335
2026-05-26T12:13:00+00:00,1.62365,1.623795,1.62364,1.623795,239
2026-05-26T12:14:00+00:00,1.623785,1.623825,1.623785,1.623895,308
2026-05-26T12:15:00+00:00,1.623825,1.623695,1.623645,1.62386,366
2026-05-26T12:16:00+00:00,1.6237,1.623755,1.62363,1.6238,327
2026-05-26T12:17:00+00:00,1.62376,1.623755,1.623635,1.623795,399
2026-05-26T12:18:00+00:00,1.62376,1.623685,1.623675,1.623805,336
2026-05-26T12:19:00+00:00,1.623675,1.62355,1.62353,1.62371,319
2026-05-26T12:20:00+00:00,1.623545,1.6236,1.62345,1.62361,362
2026-05-26T12:21:00+00:00,1.62359,1.62349,1.62347,1.62361,260
2026-05-26T12:22:00+00:00,1.623485,1.623305,1.62328,1.623505,236
2026-05-26T12:23:00+00:00,1.623285,1.623375,1.623265,1.623475,311
2026-05-26T12:24:00+00:00,1.623375,1.62346,1.62337,1.623475,242
2026-05-26T12:25:00+00:00,1.623445,1.623315,1.623305,1.6235,254
2026-05-26T12:26:00+00:00,1.623305,1.62354,1.62328,1.62357,305
2026-05-26T12:27:00+00:00,1.623535,1.62351,1.623435,1.62357,184
2026-05-26T12:28:00+00:00,1.623515,1.623345,1.623325,1.62352,168
2026-05-26T12:29:00+00:00,1.62334,1.62335,1.623285,1.623385,112
2026-05-26T12:30:00+00:00,1.623355,1.62347,1.62334,1.6235,161
2026-05-26T12:31:00+00:00,1.623465,1.62336,1.623325,1.623505,207
2026-05-26T12:32:00+00:00,1.623355,1.62333,1.62328,1.623405,249
2026-05-26T12:33:00+00:00,1.62332,1.623395,1.623295,1.623405,262
2026-05-26T12:34:00+00:00,1.6234,1.623335,1.62331,1.623405,262
2026-05-26T12:35:00+00:00,1.623325,1.6235,1.623325,1.623595,273
2026-05-26T12:36:00+00:00,1.62349,1.623435,1.62341,1.62356,236
2026-05-26T12:37:00+00:00,1.623425,1.6234,1.623395,1.6235,305
2026-05-26T12:38:00+00:00,1.623405,1.62341,1.623345,1.62345,219
2026-05-26T12:39:00+00:00,1.623405,1.62348,1.623405,1.623535,250
2026-05-26T12:40:00+00:00,1.62347,1.623465,1.623365,1.62353,311
2026-05-26T12:41:00+00:00,1.62346,1.6233,1.623295,1.62347,265
2026-05-26T12:42:00+00:00,1.62329,1.62317,1.623145,1.623315,280
2026-05-26T12:43:00+00:00,1.623165,1.623185,1.623115,1.62323,357
2026-05-26T12:44:00+00:00,1.62318,1.62327,1.623175,1.62332,452
2026-05-26T12:45:00+00:00,1.623265,1.62338,1.623235,1.623385,319
2026-05-26T12:46:00+00:00,1.623375,1.62331,1.6233,1.623405,349
2026-05-26T12:47:00+00:00,1.623315,1.6233,1.623225,1.62332,279
2026-05-26T12:48:00+00:00,1.6233,1.6232,1.62319,1.623325,255
2026-05-26T12:49:00+00:00,1.623195,1.62319,1.62316,1.623235,336
2026-05-26T12:50:00+00:00,1.623185,1.62323,1.623125,1.623245,367
2026-05-26T12:51:00+00:00,1.623235,1.623065,1.62304,1.623235,331
2026-05-26T12:52:00+00:00,1.62306,1.62317,1.622955,1.62321,275
2026-05-26T12:53:00+00:00,1.623165,1.62316,1.623075,1.623195,250
2026-05-26T12:54:00+00:00,1.623155,1.623135,1.62309,1.62318,286
2026-05-26T12:55:00+00:00,1.62314,1.62301,1.622995,1.6232,442
2026-05-26T12:56:00+00:00,1.623005,1.622915,1.6229,1.62301,295
2026-05-26T12:57:00+00:00,1.62292,1.622725,1.622685,1.622935,241
2026-05-26T12:58:00+00:00,1.622715,1.62269,1.622665,1.622855,232
2026-05-26T12:59:00+00:00,1.622685,1.62272,1.622675,1.6228,189
2026-05-26T13:00:00+00:00,1.622715,1.622685,1.62261,1.62284,337
2026-05-26T13:01:00+00:00,1.622675,1.6226,1.62254,1.62276,261
2026-05-26T13:02:00+00:00,1.62261,1.6227,1.62256,1.62278,481
2026-05-26T13:03:00+00:00,1.622705,1.622535,1.622485,1.62271,350
2026-05-26T13:04:00+00:00,1.62253,1.622375,1.622355,1.62255,351
2026-05-26T13:05:00+00:00,1.62238,1.62229,1.62222,1.622435,415
2026-05-26T13:06:00+00:00,1.62228,1.622285,1.62223,1.622355,447
2026-05-26T13:07:00+00:00,1.62229,1.62233,1.622245,1.62245,340
2026-05-26T13:08:00+00:00,1.62232,1.622155,1.62214,1.62235,331
2026-05-26T13:09:00+00:00,1.622145,1.622165,1.622105,1.62225,373
2026-05-26T13:10:00+00:00,1.62216,1.622365,1.62216,1.622405,343
2026-05-26T13:11:00+00:00,1.62236,1.62226,1.62225,1.62247,439
2026-05-26T13:12:00+00:00,1.622255,1.62222,1.622185,1.62233,370
2026-05-26T13:13:00+00:00,1.62222,1.62221,1.62212,1.62225,277
2026-05-26T13:14:00+00:00,1.622205,1.62218,1.62208,1.62222,304
2026-05-26T13:15:00+00:00,1.62219,1.62223,1.62219,1.622335,370
2026-05-26T13:16:00+00:00,1.622235,1.622335,1.622225,1.62236,297
2026-05-26T13:17:00+00:00,1.62233,1.62215,1.62213,1.622375,291
2026-05-26T13:18:00+00:00,1.62214,1.62199,1.62193,1.62214,338
2026-05-26T13:19:00+00:00,1.62198,1.62199,1.621855,1.621995,351
2026-05-26T13:20:00+00:00,1.621985,1.62193,1.621855,1.62205,286
2026-05-26T13:21:00+00:00,1.621935,1.62182,1.62179,1.62196,367
2026-05-26T13:22:00+00:00,1.62183,1.621735,1.62171,1.621865,399
2026-05-26T13:23:00+00:00,1.62174,1.62166,1.6216,1.621775,226
2026-05-26T13:24:00+00:00,1.621665,1.621605,1.621555,1.621695,312
2026-05-26T13:25:00+00:00,1.62161,1.621775,1.621605,1.621805,276
2026-05-26T13:26:00+00:00,1.621785,1.62195,1.621785,1.62195,226
2026-05-26T13:27:00+00:00,1.62196,1.62166,1.62165,1.621985,223
2026-05-26T13:28:00+00:00,1.621665,1.62161,1.62161,1.621875,304
2026-05-26T13:29:00+00:00,1.621605,1.621485,1.62145,1.62166,399
2026-05-26T13:30:00+00:00,1.62149,1.62152,1.6213,1.62154,728
2026-05-26T13:31:00+00:00,1.62154,1.62167,1.62152,1.621705,602
2026-05-26T13:32:00+00:00,1.621665,1.6217,1.621515,1.62171,543
2026-05-26T13:33:00+00:00,1.621695,1.62197,1.62163,1.622005,561
2026-05-26T13:34:00+00:00,1.621975,1.621725,1.621585,1.62198,634
2026-05-26T13:35:00+00:00,1.62172,1.62202,1.62172,1.622045,635
2026-05-26T13:36:00+00:00,1.62201,1.621965,1.621955,1.622075,620
2026-05-26T13:37:00+00:00,1.621955,1.62173,1.621685,1.621975,580
2026-05-26T13:38:00+00:00,1.621725,1.621705,1.621655,1.62182,639
2026-05-26T13:39:00+00:00,1.62171,1.621705,1.621635,1.62179,481
2026-05-26T13:40:00+00:00,1.6217,1.621625,1.62149,1.621725,641
2026-05-26T13:41:00+00:00,1.62162,1.62135,1.62135,1.62163,534
2026-05-26T13:42:00+00:00,1.62136,1.62127,1.62123,1.621445,524
2026-05-26T13:43:00+00:00,1.621275,1.621215,1.621105,1.6213,558
2026-05-26T13:44:00+00:00,1.62121,1.62138,1.62112,1.621395,559
2026-05-26T13:45:00+00:00,1.621385,1.62123,1.621215,1.6214,594
2026-05-26T13:46:00+00:00,1.621225,1.62064,1.620625,1.621295,558
2026-05-26T13:47:00+00:00,1.620635,1.621065,1.620505,1.6211,635
2026-05-26T13:48:00+00:00,1.62106,1.621145,1.62097,1.621225,634
2026-05-26T13:49:00+00:00,1.621135,1.621205,1.620985,1.621205,491
2026-05-26T13:50:00+00:00,1.6212,1.621415,1.621095,1.621435,868
2026-05-26T13:51:00+00:00,1.62141,1.621555,1.621385,1.62175,1055
2026-05-26T13:52:00+00:00,1.62155,1.6215,1.62134,1.6216,754
2026-05-26T13:53:00+00:00,1.621505,1.6217,1.621495,1.62207,1334
2026-05-26T13:54:00+00:00,1.621705,1.621715,1.621615,1.62182,1026
2026-05-26T13:55:00+00:00,1.62171,1.62154,1.62149,1.621785,856
2026-05-26T13:56:00+00:00,1.62155,1.6216,1.621465,1.621775,466
2026-05-26T13:57:00+00:00,1.62159,1.621515,1.62139,1.62162,562
2026-05-26T13:58:00+00:00,1.621525,1.62164,1.62144,1.62165,337
2026-05-26T13:59:00+00:00,1.621645,1.62167,1.62148,1.621725,369
2026-05-26T14:00:00+00:00,1.6217,1.62139,1.62139,1.621725,527
2026-05-26T14:01:00+00:00,1.621385,1.621455,1.621345,1.6216,675
2026-05-26T14:02:00+00:00,1.621445,1.62114,1.621085,1.621565,736
2026-05-26T14:03:00+00:00,1.621135,1.620935,1.6209,1.62119,720
2026-05-26T14:04:00+00:00,1.62095,1.621015,1.620845,1.62104,585
2026-05-26T14:05:00+00:00,1.62101,1.621195,1.620945,1.621285,623
2026-05-26T14:06:00+00:00,1.6212,1.621265,1.62115,1.621345,581
2026-05-26T14:07:00+00:00,1.621275,1.62119,1.621105,1.62139,562
2026-05-26T14:08:00+00:00,1.6212,1.62112,1.6211,1.62127,598
2026-05-26T14:09:00+00:00,1.621125,1.621285,1.621075,1.621405,634
2026-05-26T14:10:00+00:00,1.62128,1.62109,1.620985,1.621285,526
2026-05-26T14:11:00+00:00,1.62108,1.62128,1.62104,1.62131,547
2026-05-26T14:12:00+00:00,1.621275,1.62116,1.6211,1.62129,378
2026-05-26T14:13:00+00:00,1.621155,1.62102,1.620935,1.62123,511
2026-05-26T14:14:00+00:00,1.621015,1.62101,1.620985,1.62112,495
2026-05-26T14:15:00+00:00,1.62103,1.621065,1.62098,1.621135,452
2026-05-26T14:16:00+00:00,1.62107,1.620975,1.620945,1.621075,403
2026-05-26T14:17:00+00:00,1.62097,1.620925,1.620905,1.62106,404
2026-05-26T14:18:00+00:00,1.62093,1.620975,1.62088,1.621045,403
2026-05-26T14:19:00+00:00,1.620975,1.6211,1.620965,1.62115,413
2026-05-26T14:20:00+00:00,1.6211,1.621085,1.62094,1.621175,468
2026-05-26T14:21:00+00:00,1.62108,1.62118,1.621045,1.621195,380
2026-05-26T14:22:00+00:00,1.62119,1.621235,1.6208,1.621235,494
2026-05-26T14:23:00+00:00,1.62124,1.621345,1.62112,1.62143,480
2026-05-26T14:24:00+00:00,1.62134,1.621065,1.62104,1.621345,498
2026-05-26T14:25:00+00:00,1.62106,1.62108,1.620875,1.62108,551
2026-05-26T14:26:00+00:00,1.621085,1.62141,1.621085,1.621505,436
2026-05-26T14:27:00+00:00,1.621405,1.62145,1.621295,1.621465,349
2026-05-26T14:28:00+00:00,1.62144,1.621705,1.621375,1.62171,443
2026-05-26T14:29:00+00:00,1.621695,1.621705,1.62163,1.62182,553
2026-05-26T14:30:00+00:00,1.62171,1.6217,1.621625,1.62182,553
2026-05-26T14:31:00+00:00,1.621695,1.621865,1.621685,1.621875,479
2026-05-26T14:32:00+00:00,1.62187,1.621875,1.62169,1.62189,440
2026-05-26T14:33:00+00:00,1.62187,1.62189,1.62187,1.622125,659
2026-05-26T14:34:00+00:00,1.621895,1.62179,1.621775,1.62196,550
2026-05-26T14:35:00+00:00,1.621795,1.62136,1.62127,1.621795,752
2026-05-26T14:36:00+00:00,1.621355,1.621635,1.621315,1.6217,664
2026-05-26T14:37:00+00:00,1.62164,1.621675,1.621595,1.621765,511
2026-05-26T14:38:00+00:00,1.62168,1.62178,1.62166,1.621815,524
2026-05-26T14:39:00+00:00,1.62177,1.621895,1.62169,1.621905,486
2026-05-26T14:40:00+00:00,1.621915,1.621855,1.621815,1.621945,436
2026-05-26T14:41:00+00:00,1.62186,1.622025,1.621785,1.622035,361
2026-05-26T14:42:00+00:00,1.62201,1.6218,1.62172,1.622075,481
2026-05-26T14:43:00+00:00,1.621815,1.62204,1.621725,1.622065,433
2026-05-26T14:44:00+00:00,1.622035,1.621695,1.621685,1.622235,428
2026-05-26T14:45:00+00:00,1.621705,1.62175,1.62168,1.6219,463
2026-05-26T14:46:00+00:00,1.62174,1.621805,1.62168,1.621875,438
2026-05-26T14:47:00+00:00,1.62181,1.622035,1.62174,1.622045,484
2026-05-26T14:48:00+00:00,1.62203,1.622005,1.62195,1.622185,526
2026-05-26T14:49:00+00:00,1.62201,1.621955,1.6219,1.622055,437
2026-05-26T14:50:00+00:00,1.62196,1.62204,1.621955,1.622065,450
2026-05-26T14:51:00+00:00,1.62203,1.621985,1.621955,1.6221,390
2026-05-26T14:52:00+00:00,1.62198,1.62196,1.621895,1.62207,401
2026-05-26T14:53:00+00:00,1.621965,1.62185,1.62185,1.62205,560
2026-05-26T14:54:00+00:00,1.621855,1.62191,1.62181,1.62195,504
2026-05-26T14:55:00+00:00,1.621915,1.622045,1.62178,1.622095,635
2026-05-26T14:56:00+00:00,1.62204,1.622185,1.62197,1.622275,594
2026-05-26T14:57:00+00:00,1.62218,1.621905,1.621905,1.62227,582
2026-05-26T14:58:00+00:00,1.621895,1.621865,1.621785,1.622005,529
2026-05-26T14:59:00+00:00,1.62187,1.62179,1.62169,1.62191,557
2026-05-26T15:00:00+00:00,1.621795,1.621885,1.62178,1.621995,474
2026-05-26T15:01:00+00:00,1.62189,1.62191,1.621785,1.62198,558
2026-05-26T15:02:00+00:00,1.621915,1.62201,1.62183,1.622105,839
2026-05-26T15:03:00+00:00,1.622,1.621925,1.62179,1.62207,655
2026-05-26T15:04:00+00:00,1.621935,1.62195,1.621795,1.622065,445
2026-05-26T15:05:00+00:00,1.621955,1.62198,1.62191,1.62209,522
2026-05-26T15:06:00+00:00,1.621985,1.62193,1.62192,1.6221,595
2026-05-26T15:07:00+00:00,1.621935,1.62184,1.62178,1.62198,550
2026-05-26T15:08:00+00:00,1.62185,1.621785,1.62167,1.621855,625
2026-05-26T15:09:00+00:00,1.62178,1.622,1.62173,1.62202,539
2026-05-26T15:10:00+00:00,1.622005,1.62221,1.622,1.62221,455
2026-05-26T15:11:00+00:00,1.6222,1.622225,1.62209,1.622235,460
2026-05-26T15:12:00+00:00,1.62222,1.621925,1.6219,1.62225,301
2026-05-26T15:13:00+00:00,1.621915,1.621895,1.62183,1.62198,445
2026-05-26T15:14:00+00:00,1.6219,1.621745,1.621715,1.6219,450
2026-05-26T15:15:00+00:00,1.62174,1.621755,1.621685,1.62185,501
2026-05-26T15:16:00+00:00,1.62176,1.621985,1.62176,1.621995,401
2026-05-26T15:17:00+00:00,1.62198,1.62203,1.62195,1.62209,550
2026-05-26T15:18:00+00:00,1.62204,1.62205,1.621995,1.622125,563
2026-05-26T15:19:00+00:00,1.622045,1.62211,1.622005,1.622165,591
2026-05-26T15:20:00+00:00,1.622115,1.622235,1.62207,1.62231,474
2026-05-26T15:21:00+00:00,1.62223,1.622275,1.622225,1.62233,433
2026-05-26T15:22:00+00:00,1.62227,1.622215,1.622135,1.622325,382
2026-05-26T15:23:00+00:00,1.622225,1.622245,1.6222,1.62229,392
2026-05-26T15:24:00+00:00,1.62224,1.62231,1.62221,1.622365,435
2026-05-26T15:25:00+00:00,1.622315,1.622325,1.622155,1.62233,533
2026-05-26T15:26:00+00:00,1.622315,1.622285,1.622215,1.62234,532
2026-05-26T15:27:00+00:00,1.6223,1.622425,1.622285,1.622505,480
2026-05-26T15:28:00+00:00,1.622435,1.622565,1.62227,1.62258,624
2026-05-26T15:29:00+00:00,1.62257,1.622645,1.62251,1.62269,516
2026-05-26T15:30:00+00:00,1.622655,1.62262,1.622505,1.622705,678
2026-05-26T15:31:00+00:00,1.62263,1.62269,1.62251,1.62271,489
2026-05-26T15:32:00+00:00,1.622685,1.622505,1.622365,1.62274,561
2026-05-26T15:33:00+00:00,1.62251,1.62242,1.62236,1.62251,383
2026-05-26T15:34:00+00:00,1.622425,1.622445,1.62228,1.622455,502
2026-05-26T15:35:00+00:00,1.62245,1.622615,1.62244,1.62262,493
2026-05-26T15:36:00+00:00,1.62262,1.62282,1.622575,1.622825,608
2026-05-26T15:37:00+00:00,1.622825,1.622675,1.622675,1.622835,647
2026-05-26T15:38:00+00:00,1.62267,1.622605,1.62253,1.622775,504
2026-05-26T15:39:00+00:00,1.62261,1.62244,1.62242,1.622645,422
2026-05-26T15:40:00+00:00,1.622435,1.622575,1.622415,1.622635,559
2026-05-26T15:41:00+00:00,1.622565,1.622625,1.6225,1.62264,485
2026-05-26T15:42:00+00:00,1.62263,1.62265,1.622545,1.622715,580
2026-05-26T15:43:00+00:00,1.622645,1.622605,1.622565,1.62268,481
2026-05-26T15:44:00+00:00,1.622615,1.622675,1.622585,1.622695,373
2026-05-26T15:45:00+00:00,1.62268,1.622675,1.62264,1.62279,563
2026-05-26T15:46:00+00:00,1.62268,1.622805,1.622675,1.622895,459
2026-05-26T15:47:00+00:00,1.6228,1.62276,1.622735,1.622825,384
2026-05-26T15:48:00+00:00,1.622755,1.62282,1.62263,1.622825,430
2026-05-26T15:49:00+00:00,1.622825,1.62275,1.62272,1.622855,364
2026-05-26T15:50:00+00:00,1.622745,1.622755,1.62271,1.62283,544
2026-05-26T15:51:00+00:00,1.62276,1.622855,1.622705,1.62288,449
2026-05-26T15:52:00+00:00,1.62285,1.62273,1.622685,1.62292,302
2026-05-26T15:53:00+00:00,1.622745,1.62285,1.622715,1.622865,307
2026-05-26T15:54:00+00:00,1.62286,1.622925,1.62277,1.62303,460
2026-05-26T15:55:00+00:00,1.62293,1.62301,1.622885,1.62303,474
2026-05-26T15:56:00+00:00,1.62302,1.622995,1.62299,1.62311,500
2026-05-26T15:57:00+00:00,1.62298,1.622805,1.62277,1.62306,533
2026-05-26T15:58:00+00:00,1.622815,1.62282,1.62278,1.6229,448
2026-05-26T15:59:00+00:00,1.622825,1.622695,1.62268,1.622845,318
2026-05-26T16:00:00+00:00,1.6227,1.62285,1.62264,1.62285,456
2026-05-26T16:01:00+00:00,1.622855,1.622675,1.62265,1.622895,371
2026-05-26T16:02:00+00:00,1.622665,1.62254,1.62254,1.62271,386
2026-05-26T16:03:00+00:00,1.62255,1.62258,1.622515,1.62263,354
2026-05-26T16:04:00+00:00,1.622575,1.622615,1.622555,1.62266,288
2026-05-26T16:05:00+00:00,1.622625,1.622565,1.622545,1.62263,241
2026-05-26T16:06:00+00:00,1.62257,1.62274,1.62257,1.62275,228
2026-05-26T16:07:00+00:00,1.622735,1.62272,1.622685,1.622745,198
2026-05-26T16:08:00+00:00,1.622715,1.622845,1.62266,1.622855,256
2026-05-26T16:09:00+00:00,1.62284,1.62264,1.62263,1.62285,321
2026-05-26T16:10:00+00:00,1.622635,1.62273,1.622625,1.622745,333
2026-05-26T16:11:00+00:00,1.622735,1.622735,1.62267,1.62277,217
2026-05-26T16:12:00+00:00,1.62274,1.622775,1.62267,1.622815,284
2026-05-26T16:13:00+00:00,1.622785,1.62273,1.62266,1.622785,212
2026-05-26T16:14:00+00:00,1.62273,1.622785,1.622685,1.62282,212
2026-05-26T16:15:00+00:00,1.62279,1.622815,1.622735,1.622845,281
2026-05-26T16:16:00+00:00,1.62281,1.62268,1.622665,1.62288,233
2026-05-26T16:17:00+00:00,1.622685,1.622645,1.62257,1.62269,206
2026-05-26T16:18:00+00:00,1.62264,1.62261,1.622565,1.622665,331
2026-05-26T16:19:00+00:00,1.62261,1.622585,1.622575,1.6227,391
2026-05-26T16:20:00+00:00,1.62259,1.62261,1.622455,1.622625,282
2026-05-26T16:21:00+00:00,1.6226,1.622745,1.62258,1.62278,207
2026-05-26T16:22:00+00:00,1.622745,1.622745,1.622715,1.6228,135
2026-05-26T16:23:00+00:00,1.622755,1.62276,1.622695,1.622775,228
2026-05-26T16:24:00+00:00,1.622765,1.6226,1.622595,1.622765,229
2026-05-26T16:25:00+00:00,1.6226,1.622735,1.6226,1.62279,239
2026-05-26T16:26:00+00:00,1.622735,1.622715,1.622655,1.62278,318
2026-05-26T16:27:00+00:00,1.62272,1.622755,1.622685,1.62278,207
2026-05-26T16:28:00+00:00,1.622755,1.622765,1.62272,1.6228,182
2026-05-26T16:29:00+00:00,1.62277,1.622785,1.62272,1.62281,232
2026-05-26T16:30:00+00:00,1.62278,1.62274,1.622695,1.62286,222
2026-05-26T16:31:00+00:00,1.62273,1.622755,1.622725,1.6228,201
2026-05-26T16:32:00+00:00,1.622755,1.62276,1.62272,1.622835,293
2026-05-26T16:33:00+00:00,1.622755,1.62279,1.6227,1.622845,594
2026-05-26T16:34:00+00:00,1.622795,1.622825,1.62273,1.62287,325
2026-05-26T16:35:00+00:00,1.622815,1.62284,1.622765,1.622865,253
2026-05-26T16:36:00+00:00,1.622835,1.623015,1.62282,1.623055,362
2026-05-26T16:37:00+00:00,1.623025,1.62302,1.62295,1.62307,285
2026-05-26T16:38:00+00:00,1.623015,1.622975,1.62294,1.62305,275
2026-05-26T16:39:00+00:00,1.622985,1.623065,1.62298,1.62307,235
2026-05-26T16:40:00+00:00,1.62306,1.6231,1.623025,1.623125,276
2026-05-26T16:41:00+00:00,1.623095,1.623175,1.623095,1.62322,319
2026-05-26T16:42:00+00:00,1.623185,1.623235,1.623135,1.623235,241
2026-05-26T16:43:00+00:00,1.623245,1.622985,1.622955,1.623265,260
2026-05-26T16:44:00+00:00,1.62298,1.622955,1.622935,1.62302,271
2026-05-26T16:45:00+00:00,1.62296,1.62293,1.62288,1.62298,331
2026-05-26T16:46:00+00:00,1.62292,1.62292,1.622865,1.62295,208
2026-05-26T16:47:00+00:00,1.622915,1.622915,1.622805,1.622935,299
2026-05-26T16:48:00+00:00,1.622925,1.62303,1.62291,1.623065,288
2026-05-26T16:49:00+00:00,1.62304,1.622985,1.622905,1.62304,262
2026-05-26T16:50:00+00:00,1.62298,1.622845,1.62281,1.62298,224
2026-05-26T16:51:00+00:00,1.622835,1.622885,1.62283,1.62297,256
2026-05-26T16:52:00+00:00,1.62288,1.623015,1.622875,1.62306,248
2026-05-26T16:53:00+00:00,1.62302,1.62297,1.62297,1.62303,248
2026-05-26T16:54:00+00:00,1.62298,1.622935,1.622895,1.623,284
2026-05-26T16:55:00+00:00,1.622945,1.622915,1.622835,1.623005,263
2026-05-26T16:56:00+00:00,1.62292,1.62282,1.622805,1.62292,282
2026-05-26T16:57:00+00:00,1.62281,1.622825,1.622755,1.62286,313
2026-05-26T16:58:00+00:00,1.62282,1.62276,1.622735,1.62285,267
2026-05-26T16:59:00+00:00,1.622755,1.62281,1.622755,1.62291,238
2026-05-26T17:00:00+00:00,1.622815,1.622755,1.622755,1.62287,209
2026-05-26T17:01:00+00:00,1.62275,1.62259,1.622575,1.62275,244
2026-05-26T17:02:00+00:00,1.622595,1.62263,1.62259,1.62269,253
2026-05-26T17:03:00+00:00,1.62263,1.62254,1.62254,1.62265,263
2026-05-26T17:04:00+00:00,1.62254,1.622665,1.62254,1.62268,208
2026-05-26T17:05:00+00:00,1.62266,1.62262,1.62261,1.622715,262
2026-05-26T17:06:00+00:00,1.622615,1.62264,1.62258,1.6227,270
2026-05-26T17:07:00+00:00,1.622645,1.622775,1.622635,1.622775,230
2026-05-26T17:08:00+00:00,1.62277,1.62275,1.62266,1.622775,230
2026-05-26T17:09:00+00:00,1.622755,1.622765,1.622725,1.622805,213
2026-05-26T17:10:00+00:00,1.62276,1.622935,1.622745,1.622965,280
2026-05-26T17:11:00+00:00,1.622935,1.62297,1.622885,1.622985,241
2026-05-26T17:12:00+00:00,1.622975,1.62297,1.6229,1.62303,261
2026-05-26T17:13:00+00:00,1.62297,1.622915,1.62288,1.622975,223
2026-05-26T17:14:00+00:00,1.62292,1.62296,1.622895,1.622995,195
2026-05-26T17:15:00+00:00,1.622965,1.622995,1.62296,1.62303,212
2026-05-26T17:16:00+00:00,1.623,1.622995,1.62296,1.623045,151
2026-05-26T17:17:00+00:00,1.622985,1.623015,1.622935,1.62303,246
2026-05-26T17:18:00+00:00,1.62302,1.62297,1.622935,1.623035,193
2026-05-26T17:19:00+00:00,1.62297,1.62302,1.622945,1.62304,94
2026-05-26T17:20:00+00:00,1.623025,1.622905,1.622905,1.623025,220
2026-05-26T17:21:00+00:00,1.62293,1.62288,1.62286,1.622955,245
2026-05-26T17:22:00+00:00,1.622885,1.62292,1.622835,1.622955,241
2026-05-26T17:23:00+00:00,1.622915,1.62282,1.622805,1.622945,283
2026-05-26T17:24:00+00:00,1.62282,1.62274,1.622705,1.622905,282
2026-05-26T17:25:00+00:00,1.62274,1.62283,1.62272,1.622835,284
2026-05-26T17:26:00+00:00,1.622835,1.62271,1.622705,1.62285,224
2026-05-26T17:27:00+00:00,1.622715,1.6227,1.62267,1.62275,196
2026-05-26T17:28:00+00:00,1.622695,1.622765,1.62267,1.622785,205
2026-05-26T17:29:00+00:00,1.622755,1.622705,1.62268,1.622795,218
2026-05-26T17:30:00+00:00,1.622725,1.622775,1.622695,1.622865,237
2026-05-26T17:31:00+00:00,1.62277,1.62281,1.62276,1.62293,340
2026-05-26T17:32:00+00:00,1.622815,1.62282,1.62271,1.62282,216
2026-05-26T17:33:00+00:00,1.622815,1.62272,1.6227,1.62282,257
2026-05-26T17:34:00+00:00,1.622715,1.622705,1.622655,1.622735,247
2026-05-26T17:35:00+00:00,1.62271,1.622685,1.622685,1.62277,275
2026-05-26T17:36:00+00:00,1.6227,1.62275,1.622695,1.62281,288
2026-05-26T17:37:00+00:00,1.622745,1.62267,1.62266,1.62276,244
2026-05-26T17:38:00+00:00,1.62267,1.622575,1.622575,1.622695,158
2026-05-26T17:39:00+00:00,1.62256,1.622615,1.622535,1.622615,205
2026-05-26T17:40:00+00:00,1.622615,1.622725,1.62257,1.62274,225
2026-05-26T17:41:00+00:00,1.62272,1.62289,1.622705,1.622895,216
2026-05-26T17:42:00+00:00,1.622865,1.622905,1.622865,1.62293,105
2026-05-26T17:43:00+00:00,1.6229,1.62285,1.62282,1.622915,116
2026-05-26T17:44:00+00:00,1.62286,1.62293,1.622845,1.62294,150
2026-05-26T17:45:00+00:00,1.622935,1.622845,1.622845,1.622935,152
2026-05-26T17:46:00+00:00,1.622845,1.62289,1.62284,1.622965,147
2026-05-26T17:47:00+00:00,1.62289,1.62282,1.622795,1.6229,179
2026-05-26T17:48:00+00:00,1.62283,1.62287,1.622805,1.622885,169
2026-05-26T17:49:00+00:00,1.62286,1.622845,1.622805,1.62288,168
2026-05-26T17:50:00+00:00,1.622825,1.622835,1.622795,1.62288,187
2026-05-26T17:51:00+00:00,1.622835,1.62279,1.62275,1.622835,187
2026-05-26T17:52:00+00:00,1.62279,1.62277,1.622755,1.62283,195
2026-05-26T17:53:00+00:00,1.62277,1.62277,1.622695,1.62279,195
2026-05-26T17:54:00+00:00,1.622785,1.622765,1.62276,1.622835,123
2026-05-26T17:55:00+00:00,1.622775,1.62283,1.62274,1.622845,168
2026-05-26T17:56:00+00:00,1.62282,1.62291,1.622815,1.622925,189
2026-05-26T17:57:00+00:00,1.622915,1.62289,1.62289,1.62301,236
2026-05-26T17:58:00+00:00,1.62289,1.622945,1.62288,1.62298,192
2026-05-26T17:59:00+00:00,1.62295,1.62295,1.622875,1.622955,235
2026-05-26T18:00:00+00:00,1.622955,1.62299,1.62292,1.62302,320
2026-05-26T18:01:00+00:00,1.622995,1.62295,1.62292,1.623015,196
2026-05-26T18:02:00+00:00,1.62296,1.62289,1.62289,1.623015,177
2026-05-26T18:03:00+00:00,1.622895,1.622815,1.622795,1.62293,238
2026-05-26T18:04:00+00:00,1.62282,1.6228,1.62279,1.62289,180
2026-05-26T18:05:00+00:00,1.622805,1.622785,1.62271,1.62282,260
2026-05-26T18:06:00+00:00,1.62279,1.622695,1.622685,1.62279,148
2026-05-26T18:07:00+00:00,1.62269,1.622695,1.622635,1.622705,105
2026-05-26T18:08:00+00:00,1.62268,1.62267,1.622625,1.62271,252
2026-05-26T18:09:00+00:00,1.622665,1.62268,1.62263,1.622715,203
2026-05-26T18:10:00+00:00,1.622675,1.622575,1.622575,1.622785,194
2026-05-26T18:11:00+00:00,1.62258,1.62258,1.622555,1.62264,207
2026-05-26T18:12:00+00:00,1.622575,1.62253,1.622475,1.622655,241
2026-05-26T18:13:00+00:00,1.622535,1.622515,1.62248,1.622575,203
2026-05-26T18:14:00+00:00,1.62251,1.622575,1.622495,1.622615,216
2026-05-26T18:15:00+00:00,1.62257,1.62258,1.62248,1.622595,256
2026-05-26T18:16:00+00:00,1.62259,1.622655,1.622565,1.6227,169
2026-05-26T18:17:00+00:00,1.622675,1.62261,1.62256,1.62268,224
2026-05-26T18:18:00+00:00,1.622615,1.622595,1.622545,1.62265,216
2026-05-26T18:19:00+00:00,1.6226,1.622515,1.6225,1.62263,170
2026-05-26T18:20:00+00:00,1.62251,1.62258,1.6225,1.62264,264
2026-05-26T18:21:00+00:00,1.622575,1.622515,1.62248,1.622655,272
2026-05-26T18:22:00+00:00,1.62251,1.62252,1.622435,1.62252,185
2026-05-26T18:23:00+00:00,1.622515,1.62251,1.62244,1.62253,252
2026-05-26T18:24:00+00:00,1.622515,1.62269,1.622495,1.62269,135
2026-05-26T18:25:00+00:00,1.622685,1.622665,1.622625,1.6227,158
2026-05-26T18:26:00+00:00,1.622655,1.62259,1.622585,1.6227,240
2026-05-26T18:27:00+00:00,1.622585,1.622565,1.622565,1.62265,189
2026-05-26T18:28:00+00:00,1.622575,1.622555,1.62251,1.62263,242
2026-05-26T18:29:00+00:00,1.62255,1.62241,1.622405,1.62257,156
2026-05-26T18:30:00+00:00,1.622415,1.62234,1.622285,1.62242,223
2026-05-26T18:31:00+00:00,1.62235,1.62226,1.622235,1.622355,289
2026-05-26T18:32:00+00:00,1.62225,1.62241,1.62225,1.62241,249
2026-05-26T18:33:00+00:00,1.62241,1.62233,1.62229,1.622425,177
2026-05-26T18:34:00+00:00,1.622315,1.622365,1.6223,1.62242,119
2026-05-26T18:35:00+00:00,1.62236,1.62246,1.622345,1.62249,239
2026-05-26T18:36:00+00:00,1.622455,1.62245,1.62242,1.62252,170
2026-05-26T18:37:00+00:00,1.622445,1.62248,1.622405,1.62248,89
2026-05-26T18:38:00+00:00,1.622475,1.622365,1.62234,1.622495,188
2026-05-26T18:39:00+00:00,1.622365,1.622335,1.62232,1.62241,159
2026-05-26T18:40:00+00:00,1.62234,1.622495,1.62233,1.622495,173
2026-05-26T18:41:00+00:00,1.622485,1.6225,1.622485,1.62255,138
2026-05-26T18:42:00+00:00,1.6225,1.62248,1.622465,1.622595,225
2026-05-26T18:43:00+00:00,1.62248,1.62245,1.62241,1.62251,157
2026-05-26T18:44:00+00:00,1.622455,1.622505,1.622415,1.622515,156
2026-05-26T18:45:00+00:00,1.6225,1.62246,1.622415,1.622525,93
2026-05-26T18:46:00+00:00,1.622455,1.622475,1.62243,1.622505,103
2026-05-26T18:47:00+00:00,1.62248,1.62254,1.62243,1.62254,96
2026-05-26T18:48:00+00:00,1.622525,1.6224,1.622395,1.62254,81
2026-05-26T18:49:00+00:00,1.622405,1.62246,1.62236,1.622475,105
2026-05-26T18:50:00+00:00,1.62245,1.622395,1.62236,1.62245,133
2026-05-26T18:51:00+00:00,1.6224,1.62227,1.62225,1.622415,164
2026-05-26T18:52:00+00:00,1.622275,1.62236,1.622275,1.62236,98
2026-05-26T18:53:00+00:00,1.62235,1.622445,1.622295,1.62249,198
2026-05-26T18:54:00+00:00,1.62244,1.62233,1.622315,1.622465,106
2026-05-26T18:55:00+00:00,1.622315,1.622325,1.62226,1.62235,102
2026-05-26T18:56:00+00:00,1.62233,1.622345,1.622315,1.62239,125
2026-05-26T18:57:00+00:00,1.622345,1.62228,1.62227,1.622395,213
2026-05-26T18:58:00+00:00,1.622285,1.622285,1.622205,1.622295,204
2026-05-26T18:59:00+00:00,1.62229,1.622395,1.622265,1.622425,202
2026-05-26T19:00:00+00:00,1.622395,1.622535,1.622365,1.622555,302
2026-05-26T19:01:00+00:00,1.62254,1.622565,1.62251,1.622615,206
2026-05-26T19:02:00+00:00,1.62257,1.622705,1.62254,1.62271,143
2026-05-26T19:03:00+00:00,1.622695,1.622555,1.62252,1.622695,165
2026-05-26T19:04:00+00:00,1.622545,1.62258,1.62253,1.62264,181
2026-05-26T19:05:00+00:00,1.622575,1.622575,1.6225,1.622625,133
2026-05-26T19:06:00+00:00,1.622575,1.62251,1.622505,1.622585,112
2026-05-26T19:07:00+00:00,1.622495,1.622495,1.622425,1.622525,135
2026-05-26T19:08:00+00:00,1.622495,1.622485,1.622445,1.622515,94
2026-05-26T19:09:00+00:00,1.622485,1.622445,1.62242,1.62249,84
2026-05-26T19:10:00+00:00,1.62245,1.622535,1.62244,1.622555,80
2026-05-26T19:11:00+00:00,1.62254,1.622525,1.62249,1.62259,103
2026-05-26T19:12:00+00:00,1.622535,1.62248,1.622455,1.62255,136
2026-05-26T19:13:00+00:00,1.622475,1.62246,1.622405,1.622485,138
2026-05-26T19:14:00+00:00,1.62246,1.62256,1.62245,1.622565,131
2026-05-26T19:15:00+00:00,1.622565,1.622585,1.622545,1.622615,110
2026-05-26T19:16:00+00:00,1.622585,1.622605,1.62258,1.62266,122
2026-05-26T19:17:00+00:00,1.622595,1.622555,1.622535,1.62264,172
2026-05-26T19:18:00+00:00,1.622555,1.62251,1.62251,1.622585,92
2026-05-26T19:19:00+00:00,1.622525,1.622545,1.62251,1.62257,89
2026-05-26T19:20:00+00:00,1.622545,1.622535,1.6225,1.622565,114
2026-05-26T19:21:00+00:00,1.62253,1.622575,1.62252,1.622605,213
2026-05-26T19:22:00+00:00,1.622575,1.622575,1.622545,1.6226,96
2026-05-26T19:23:00+00:00,1.622565,1.622525,1.62249,1.622565,125
2026-05-26T19:24:00+00:00,1.62253,1.622395,1.62239,1.622545,163
2026-05-26T19:25:00+00:00,1.62239,1.62237,1.622355,1.622455,120
2026-05-26T19:26:00+00:00,1.622365,1.622385,1.622365,1.622455,102
2026-05-26T19:27:00+00:00,1.62238,1.62247,1.62237,1.62249,65
2026-05-26T19:28:00+00:00,1.62247,1.62253,1.622465,1.62256,102
2026-05-26T19:29:00+00:00,1.622525,1.622515,1.622485,1.622575,105
2026-05-26T19:30:00+00:00,1.622525,1.622445,1.622435,1.622525,157
2026-05-26T19:31:00+00:00,1.62244,1.62242,1.62242,1.62248,62
2026-05-26T19:32:00+00:00,1.622415,1.62245,1.622415,1.622535,127
2026-05-26T19:33:00+00:00,1.62246,1.62245,1.62242,1.62249,65
2026-05-26T19:34:00+00:00,1.62244,1.62243,1.62238,1.62247,216
2026-05-26T19:35:00+00:00,1.62244,1.622485,1.62243,1.62251,89
2026-05-26T19:36:00+00:00,1.622485,1.62242,1.62241,1.622525,163
2026-05-26T19:37:00+00:00,1.622425,1.62245,1.62242,1.622455,76
2026-05-26T19:38:00+00:00,1.622455,1.62242,1.622395,1.62249,185
2026-05-26T19:39:00+00:00,1.62242,1.62242,1.62239,1.62247,148
2026-05-26T19:40:00+00:00,1.622425,1.622435,1.62238,1.62245,71
2026-05-26T19:41:00+00:00,1.622435,1.62241,1.622345,1.622455,93
2026-05-26T19:42:00+00:00,1.622395,1.62238,1.622375,1.62243,81
2026-05-26T19:43:00+00:00,1.622375,1.62241,1.622335,1.62244,80
2026-05-26T19:44:00+00:00,1.6224,1.62233,1.62232,1.62242,100
2026-05-26T19:45:00+00:00,1.622335,1.622365,1.622335,1.62243,139
2026-05-26T19:46:00+00:00,1.622365,1.622335,1.622315,1.622375,116
2026-05-26T19:47:00+00:00,1.622335,1.622375,1.622315,1.62238,54
2026-05-26T19:48:00+00:00,1.62237,1.622365,1.622345,1.6224,67
2026-05-26T19:49:00+00:00,1.622365,1.622295,1.622295,1.6224,116
2026-05-26T19:50:00+00:00,1.622305,1.62236,1.62223,1.62237,124
2026-05-26T19:51:00+00:00,1.622355,1.622405,1.622295,1.622405,78
2026-05-26T19:52:00+00:00,1.622405,1.622335,1.62233,1.622445,108
2026-05-26T19:53:00+00:00,1.622335,1.62238,1.62229,1.622395,102
2026-05-26T19:54:00+00:00,1.62238,1.62231,1.62225,1.62238,150
2026-05-26T19:55:00+00:00,1.622315,1.622405,1.62226,1.62244,192
2026-05-26T19:56:00+00:00,1.62242,1.622545,1.62237,1.62258,196
2026-05-26T19:57:00+00:00,1.62255,1.62252,1.622505,1.622595,216
2026-05-26T19:58:00+00:00,1.622525,1.622625,1.62249,1.62265,279
2026-05-26T19:59:00+00:00,1.6226,1.622605,1.622555,1.622695,301
2026-05-26T20:00:00+00:00,1.622595,1.622675,1.62255,1.622735,273
2026-05-26T20:01:00+00:00,1.62268,1.62258,1.622525,1.622685,186
2026-05-26T20:02:00+00:00,1.62258,1.62246,1.62243,1.62258,123
2026-05-26T20:03:00+00:00,1.622455,1.62244,1.622435,1.6225,64
2026-05-26T20:04:00+00:00,1.622445,1.622585,1.622435,1.622585,73
2026-05-26T20:05:00+00:00,1.622575,1.622705,1.622545,1.622745,89
2026-05-26T20:06:00+00:00,1.6227,1.62269,1.62268,1.62274,41
2026-05-26T20:07:00+00:00,1.62269,1.62267,1.62267,1.62272,36
2026-05-26T20:08:00+00:00,1.622685,1.62269,1.622675,1.622725,39
2026-05-26T20:09:00+00:00,1.62269,1.622755,1.62266,1.622755,45
2026-05-26T20:10:00+00:00,1.62275,1.6227,1.622685,1.622765,41
2026-05-26T20:11:00+00:00,1.62268,1.622685,1.622615,1.62272,45
2026-05-26T20:12:00+00:00,1.622685,1.6227,1.62268,1.62272,30
2026-05-26T20:13:00+00:00,1.62271,1.622725,1.622695,1.62273,47
2026-05-26T20:14:00+00:00,1.622715,1.622745,1.62271,1.622775,31
2026-05-26T20:15:00+00:00,1.62276,1.62274,1.62273,1.622795,36
2026-05-26T20:16:00+00:00,1.62274,1.62277,1.622715,1.62277,28
2026-05-26T20:17:00+00:00,1.62277,1.622775,1.622745,1.6228,31
2026-05-26T20:18:00+00:00,1.62279,1.622785,1.622755,1.622805,49
2026-05-26T20:19:00+00:00,1.622785,1.62278,1.622745,1.62282,46
2026-05-26T20:20:00+00:00,1.622765,1.622745,1.622715,1.62279,32
2026-05-26T20:21:00+00:00,1.62275,1.622725,1.6227,1.62277,53
2026-05-26T20:22:00+00:00,1.622725,1.622725,1.622695,1.622735,45
2026-05-26T20:23:00+00:00,1.62272,1.62272,1.6227,1.62272,44
2026-05-26T20:24:00+00:00,1.62272,1.62275,1.622705,1.622775,58
2026-05-26T20:25:00+00:00,1.62276,1.62271,1.62271,1.622765,55
2026-05-26T20:26:00+00:00,1.62271,1.6227,1.622675,1.62272,66
2026-05-26T20:27:00+00:00,1.6227,1.622725,1.62267,1.622735,54
2026-05-26T20:28:00+00:00,1.62272,1.622695,1.622695,1.622725,22
2026-05-26T20:29:00+00:00,1.62269,1.622565,1.622565,1.622735,127
2026-05-26T20:30:00+00:00,1.62257,1.622695,1.62257,1.62271,96
2026-05-26T20:31:00+00:00,1.62269,1.622745,1.622665,1.62275,115
2026-05-26T20:32:00+00:00,1.62274,1.62266,1.622645,1.622745,96
2026-05-26T20:33:00+00:00,1.622665,1.622625,1.622595,1.62267,80
2026-05-26T20:34:00+00:00,1.622625,1.62266,1.622605,1.62268,27
2026-05-26T20:35:00+00:00,1.62266,1.62264,1.622625,1.62268,43
2026-05-26T20:36:00+00:00,1.62265,1.62261,1.62261,1.62265,32
2026-05-26T20:37:00+00:00,1.62258,1.622585,1.622565,1.62262,30
2026-05-26T20:38:00+00:00,1.62258,1.622605,1.62258,1.62264,64
2026-05-26T20:39:00+00:00,1.622605,1.62264,1.62259,1.62266,46
2026-05-26T20:40:00+00:00,1.622645,1.622605,1.622605,1.62265,22
2026-05-26T20:41:00+00:00,1.622605,1.62264,1.622605,1.62267,24
2026-05-26T20:42:00+00:00,1.622635,1.62262,1.622615,1.622645,21
2026-05-26T20:43:00+00:00,1.62262,1.62263,1.6226,1.62264,11
2026-05-26T20:44:00+00:00,1.62263,1.62266,1.62263,1.622675,24
2026-05-26T20:45:00+00:00,1.62267,1.622695,1.62267,1.622725,47
2026-05-26T20:46:00+00:00,1.622695,1.622705,1.622695,1.622735,38
2026-05-26T20:47:00+00:00,1.62271,1.62273,1.622675,1.622735,26
2026-05-26T20:48:00+00:00,1.62273,1.622765,1.62273,1.622795,96
2026-05-26T20:49:00+00:00,1.622775,1.62282,1.62275,1.622835,49
2026-05-26T20:50:00+00:00,1.622815,1.62302,1.622815,1.62305,66
2026-05-26T20:51:00+00:00,1.623025,1.623025,1.622995,1.62311,65
2026-05-26T20:52:00+00:00,1.623025,1.62299,1.62298,1.623035,77
2026-05-26T20:53:00+00:00,1.622985,1.622995,1.62298,1.623015,45
2026-05-26T20:54:00+00:00,1.622995,1.62295,1.62295,1.62302,42
2026-05-26T20:55:00+00:00,1.62296,1.622885,1.622875,1.62297,52
2026-05-26T20:56:00+00:00,1.622885,1.62288,1.622875,1.62296,63
2026-05-26T20:57:00+00:00,1.62288,1.622965,1.622855,1.622985,44
2026-05-26T20:58:00+00:00,1.622965,1.62296,1.622925,1.623,79
2026-05-26T20:59:00+00:00,1.62297,1.62244,1.622405,1.623055,162
2026-05-26T21:00:00+00:00,1.622345,1.62203,1.62154,1.622345,120
2026-05-26T21:01:00+00:00,1.62203,1.62203,1.621925,1.622035,72
2026-05-26T21:02:00+00:00,1.622035,1.622035,1.62203,1.622035,33
2026-05-26T21:03:00+00:00,1.622035,1.622035,1.62203,1.622035,22
2026-05-26T21:04:00+00:00,1.622035,1.6221,1.62188,1.6221,35
2026-05-26T21:05:00+00:00,1.6221,1.62204,1.621865,1.62211,240
2026-05-26T21:06:00+00:00,1.62204,1.6218,1.6217,1.622115,183
2026-05-26T21:07:00+00:00,1.622005,1.621945,1.621715,1.62212,236
2026-05-26T21:08:00+00:00,1.62183,1.62197,1.621715,1.622005,237
2026-05-26T21:09:00+00:00,1.621835,1.62199,1.621595,1.622035,239
2026-05-26T21:10:00+00:00,1.62183,1.621725,1.62169,1.622125,206
2026-05-26T21:11:00+00:00,1.621725,1.62152,1.621485,1.621725,29
2026-05-26T21:12:00+00:00,1.62152,1.621645,1.621495,1.62182,36
2026-05-26T21:13:00+00:00,1.621645,1.621785,1.621625,1.621845,28
2026-05-26T21:14:00+00:00,1.621785,1.622785,1.621785,1.62279,25
2026-05-26T21:15:00+00:00,1.62276,1.6225,1.622335,1.623175,79
2026-05-26T21:16:00+00:00,1.6225,1.622405,1.622405,1.6225,14
2026-05-26T21:17:00+00:00,1.622405,1.623015,1.622375,1.623075,25
2026-05-26T21:18:00+00:00,1.623015,1.62252,1.62252,1.623165,38
2026-05-26T21:19:00+00:00,1.62252,1.622325,1.622255,1.62252,24
2026-05-26T21:20:00+00:00,1.622325,1.622345,1.62201,1.622425,38
2026-05-26T21:21:00+00:00,1.622345,1.62243,1.622345,1.622455,11
2026-05-26T21:22:00+00:00,1.62243,1.62248,1.62241,1.62248,11
2026-05-26T21:23:00+00:00,1.62248,1.62247,1.62247,1.62248,3
2026-05-26T21:24:00+00:00,1.62247,1.622825,1.62222,1.622825,20
2026-05-26T21:25:00+00:00,1.622825,1.62283,1.62268,1.622845,6
2026-05-26T21:26:00+00:00,1.62283,1.622715,1.62267,1.62284,17
2026-05-26T21:27:00+00:00,1.622715,1.622795,1.622715,1.62283,4
2026-05-26T21:28:00+00:00,1.622795,1.62283,1.622795,1.62283,3
2026-05-26T21:29:00+00:00,1.62283,1.622735,1.622735,1.62285,8
2026-05-26T21:30:00+00:00,1.62274,1.62276,1.622615,1.622845,19
2026-05-26T21:31:00+00:00,1.62276,1.62278,1.622755,1.62281,4
2026-05-26T21:32:00+00:00,1.62278,1.622645,1.62264,1.62282,6
2026-05-26T21:33:00+00:00,1.622645,1.622695,1.62264,1.622725,10
2026-05-26T21:34:00+00:00,1.622695,1.622705,1.622695,1.622705,2
2026-05-26T21:35:00+00:00,1.622705,1.622785,1.622555,1.622785,18
2026-05-26T21:36:00+00:00,1.622785,1.622665,1.62264,1.622785,16
2026-05-26T21:37:00+00:00,1.622665,1.62268,1.6226,1.62273,16
2026-05-26T21:38:00+00:00,1.622715,1.622725,1.62265,1.62276,24
2026-05-26T21:39:00+00:00,1.622725,1.6227,1.622615,1.62277,29
2026-05-26T21:40:00+00:00,1.6227,1.62262,1.6226,1.62272,19
2026-05-26T21:41:00+00:00,1.62266,1.62269,1.622625,1.622725,30
2026-05-26T21:42:00+00:00,1.62269,1.622745,1.6226,1.622745,16
2026-05-26T21:43:00+00:00,1.622745,1.62273,1.622715,1.622755,10
2026-05-26T21:44:00+00:00,1.62273,1.62274,1.62272,1.62277,10
2026-05-26T21:45:00+00:00,1.622695,1.622605,1.622595,1.62271,31
2026-05-26T21:46:00+00:00,1.622605,1.622695,1.622605,1.622695,16
2026-05-26T21:47:00+00:00,1.622695,1.62268,1.622655,1.622765,27
2026-05-26T21:48:00+00:00,1.62268,1.62267,1.622645,1.622745,44
2026-05-26T21:49:00+00:00,1.62267,1.62276,1.622635,1.62279,54
2026-05-26T21:50:00+00:00,1.62276,1.62272,1.62261,1.62276,61
2026-05-26T21:51:00+00:00,1.62272,1.622735,1.6226,1.622735,24
2026-05-26T21:52:00+00:00,1.622735,1.62267,1.62266,1.622735,7
2026-05-26T21:53:00+00:00,1.62267,1.622825,1.622665,1.622835,11
2026-05-26T21:54:00+00:00,1.622835,1.6228,1.6228,1.62284,13
2026-05-26T21:55:00+00:00,1.622755,1.622775,1.622715,1.62281,29
2026-05-26T21:56:00+00:00,1.622775,1.6226,1.6226,1.622825,11
2026-05-26T21:57:00+00:00,1.6226,1.622805,1.6226,1.622805,16
2026-05-26T21:58:00+00:00,1.62277,1.62276,1.62276,1.622795,7
2026-05-26T21:59:00+00:00,1.62276,1.62276,1.62271,1.622785,37
2026-05-26T22:00:00+00:00,1.62265,1.622745,1.622565,1.6228,136
2026-05-26T22:01:00+00:00,1.62271,1.62288,1.622645,1.622915,64
2026-05-26T22:02:00+00:00,1.622895,1.62296,1.622855,1.62298,36
2026-05-26T22:03:00+00:00,1.62294,1.622925,1.622875,1.623005,55
2026-05-26T22:04:00+00:00,1.62293,1.622915,1.622855,1.62301,59
2026-05-26T22:05:00+00:00,1.62291,1.622925,1.62288,1.62305,98
2026-05-26T22:06:00+00:00,1.622895,1.62289,1.62283,1.62301,33
2026-05-26T22:07:00+00:00,1.62289,1.62299,1.62289,1.622995,17
2026-05-26T22:08:00+00:00,1.62299,1.62299,1.622865,1.62301,87
2026-05-26T22:09:00+00:00,1.62299,1.62298,1.62281,1.623045,89
2026-05-26T22:10:00+00:00,1.62299,1.62301,1.62295,1.62307,133
2026-05-26T22:11:00+00:00,1.62301,1.62314,1.62293,1.62317,77
2026-05-26T22:12:00+00:00,1.62314,1.623025,1.623005,1.623145,45
2026-05-26T22:13:00+00:00,1.623025,1.62303,1.622985,1.62305,58
2026-05-26T22:14:00+00:00,1.62304,1.623005,1.622995,1.623055,41
2026-05-26T22:15:00+00:00,1.623005,1.622935,1.622925,1.623015,44
2026-05-26T22:16:00+00:00,1.622935,1.622955,1.622935,1.622995,43
2026-05-26T22:17:00+00:00,1.622965,1.62295,1.62293,1.622975,25
2026-05-26T22:18:00+00:00,1.62295,1.62295,1.62291,1.622975,50
2026-05-26T22:19:00+00:00,1.62295,1.6229,1.62289,1.622975,39
2026-05-26T22:20:00+00:00,1.6229,1.62293,1.622895,1.62294,17
2026-05-26T22:21:00+00:00,1.62292,1.62296,1.62288,1.62299,56
2026-05-26T22:22:00+00:00,1.622955,1.622925,1.622885,1.62298,57
2026-05-26T22:23:00+00:00,1.622925,1.622905,1.62287,1.622935,34
2026-05-26T22:24:00+00:00,1.622915,1.622935,1.62291,1.62294,16
2026-05-26T22:25:00+00:00,1.62293,1.62296,1.622885,1.62298,56
2026-05-26T22:26:00+00:00,1.62296,1.622965,1.622885,1.62297,27
2026-05-26T22:27:00+00:00,1.622965,1.62293,1.622895,1.622965,10
2026-05-26T22:28:00+00:00,1.622935,1.622935,1.622935,1.62297,22
2026-05-26T22:29:00+00:00,1.622925,1.62303,1.622925,1.62304,36
2026-05-26T22:30:00+00:00,1.623045,1.62301,1.622985,1.623045,45
2026-05-26T22:31:00+00:00,1.623015,1.62293,1.62292,1.62302,40
2026-05-26T22:32:00+00:00,1.62293,1.6229,1.622875,1.62294,66
2026-05-26T22:33:00+00:00,1.62291,1.62293,1.622885,1.62294,21
2026-05-26T22:34:00+00:00,1.62292,1.62294,1.62292,1.623,35
2026-05-26T22:35:00+00:00,1.62294,1.622955,1.622925,1.62296,19
2026-05-26T22:36:00+00:00,1.622955,1.62306,1.622955,1.623065,42
2026-05-26T22:37:00+00:00,1.62307,1.62306,1.623045,1.623075,12
2026-05-26T22:38:00+00:00,1.62306,1.62306,1.62304,1.62308,24
2026-05-26T22:39:00+00:00,1.623065,1.62296,1.622955,1.623075,34
2026-05-26T22:40:00+00:00,1.622945,1.6229,1.62285,1.62296,39
2026-05-26T22:41:00+00:00,1.6229,1.622915,1.6229,1.622915,15
2026-05-26T22:42:00+00:00,1.622905,1.622905,1.622905,1.62295,35
2026-05-26T22:43:00+00:00,1.622915,1.622915,1.6229,1.62295,37
2026-05-26T22:44:00+00:00,1.622915,1.623035,1.622915,1.623035,19
2026-05-26T22:45:00+00:00,1.623035,1.62304,1.623015,1.62305,25
2026-05-26T22:46:00+00:00,1.623045,1.623135,1.623045,1.623135,53
2026-05-26T22:47:00+00:00,1.623145,1.623125,1.62311,1.623145,14
2026-05-26T22:48:00+00:00,1.623125,1.62324,1.623105,1.623265,37
2026-05-26T22:49:00+00:00,1.62324,1.62325,1.62324,1.62325,1
2026-05-26T22:50:00+00:00,1.623245,1.62316,1.623145,1.623245,26
2026-05-26T22:51:00+00:00,1.62316,1.62316,1.623145,1.62316,7
2026-05-26T22:52:00+00:00,1.623155,1.62314,1.62312,1.62317,36
2026-05-26T22:53:00+00:00,1.62314,1.62314,1.62312,1.623155,87
2026-05-26T22:54:00+00:00,1.62313,1.623125,1.6231,1.623145,55
2026-05-26T22:55:00+00:00,1.623125,1.62314,1.623125,1.623145,11
2026-05-26T22:56:00+00:00,1.62314,1.62298,1.62296,1.62314,73
2026-05-26T22:57:00+00:00,1.62298,1.62298,1.62298,1.62306,154
2026-05-26T22:58:00+00:00,1.62298,1.623025,1.62298,1.62305,55
2026-05-26T22:59:00+00:00,1.623025,1.62307,1.623025,1.623095,78
2026-05-26T23:00:00+00:00,1.62308,1.622955,1.62293,1.62309,175
2026-05-26T23:01:00+00:00,1.62296,1.623055,1.62296,1.623065,89
2026-05-26T23:02:00+00:00,1.62306,1.623025,1.623015,1.62308,45
2026-05-26T23:03:00+00:00,1.62302,1.623045,1.623015,1.623065,44
2026-05-26T23:04:00+00:00,1.623055,1.62305,1.62304,1.623055,20
2026-05-26T23:05:00+00:00,1.62305,1.623055,1.623035,1.62306,20
2026-05-26T23:06:00+00:00,1.623055,1.622955,1.62288,1.623055,49
2026-05-26T23:07:00+00:00,1.622955,1.62305,1.622945,1.62305,37
2026-05-26T23:08:00+00:00,1.62305,1.623045,1.62304,1.62305,7
2026-05-26T23:09:00+00:00,1.623045,1.623025,1.623005,1.62306,27
2026-05-26T23:10:00+00:00,1.623035,1.623055,1.62303,1.623065,25
2026-05-26T23:11:00+00:00,1.623045,1.62303,1.623,1.623045,31
2026-05-26T23:12:00+00:00,1.623025,1.623055,1.623025,1.623055,14
2026-05-26T23:13:00+00:00,1.623035,1.62305,1.623035,1.623055,13
2026-05-26T23:14:00+00:00,1.623045,1.623035,1.62303,1.62305,18
2026-05-26T23:15:00+00:00,1.623035,1.623065,1.62303,1.623075,23
2026-05-26T23:16:00+00:00,1.623065,1.62316,1.62305,1.623165,57
2026-05-26T23:17:00+00:00,1.62316,1.623185,1.623155,1.623185,14
2026-05-26T23:18:00+00:00,1.62318,1.623175,1.623145,1.623195,25
2026-05-26T23:19:00+00:00,1.62317,1.623065,1.623055,1.62317,53
2026-05-26T23:20:00+00:00,1.62307,1.623085,1.62306,1.62311,37
2026-05-26T23:21:00+00:00,1.623085,1.62304,1.62301,1.623125,94
2026-05-26T23:22:00+00:00,1.62304,1.62302,1.623015,1.623045,32
2026-05-26T23:23:00+00:00,1.62302,1.623035,1.623015,1.623055,35
2026-05-26T23:24:00+00:00,1.62304,1.62304,1.62304,1.62314,41
